, 
0,System Idle Process
1,System
2,
3,msedgewebview2
4,Registry
5,smss
6,IntelCpHDCPSvc
7,wininit
8,csrss
9,Code
10,services
11,LsaIso
12,lsass
13,node
14,svchost
15,svchost
16,fontdrvhost
17,WUDFHost
18,svchost
19,svchost
20,svchost
21,svchost
22,svchost
23,svchost
24,svchost
25,PSSvc
26,svchost
27,svchost
28,QAAdminAgent
29,svchost
30,svchost
31,svchost
32,svchost
33,svchost
34,WmiPrvSE
35,svchost
36,svchost
37,MicUsage
38,igfxCUIServiceN
39,svchost
40,Code
41,SecurityHealthService
42,svchost
43,MicrosoftEdgeUpdate
44,svchost
45,NVDisplay.Container
46,powershell
47,svchost
48,svchost
49,svchost
50,opera
51,svchost
52,UBTService
53,Code
54,svchost
55,dllhost
56,svchost
57,WUDFHost
58,StartMenuExperienceHost
59,svchost
60,svchost
61,svchost
62,opera
63,svchost
64,svchost
65,MemCompression
66,Code
67,svchost
68,svchost
69,msedgewebview2
70,svchost
71,svchost
72,svchost
73,svchost
74,svchost
75,winlogon
76,Taskmgr
77,CamUsage
78,WmiPrvSE
79,svchost
80,svchost
81,opera
82,spoolsv
83,svchost
84,wlanext
85,LMS
86,svchost
87,conhost
88,mysqld
89,svchost
90,msedgewebview2
91,svchost
92,ePowerButton_NB
93,svchost
94,svchost
95,svchost
96,svchost
97,svchost
98,svchost
99,svchost
100,igfxEMN
101,NortonSecurity
102,DtsApo4Service
103,ACCSvc
104,svchost
105,KillerAnalyticsService
106,IntelAudioService
107,RtkAudUService64
108,OneApp.IGCC.WinService
109,svchost
110,RstMwService
111,OfficeClickToRun
112,nsWscSvc
113,esif_uf
114,svchost
115,KillerNetworkService
116,xTendUtilityService
117,jhi_service
118,svchost
119,WmiPrvSE
120,svchost
121,mysqld
122,conhost
123,AggregatorHost
124,KAPSService
125,xTendUtility
126,conhost
127,svchost
128,KAPS
129,conhost
130,opera
131,svchost
132,RuntimeBroker
133,RuntimeBroker
134,msedgewebview2
135,conhost
136,opera
137,unsecapp
138,ctfmon
139,Code
140,PresentationFontCache
141,Code
142,QAAgent
143,audiodg
144,RuntimeBroker
145,ApplicationFrameHost
146,svchost
147,svchost
148,svchost
149,opera
150,RuntimeBroker
151,svchost
152,svchost
153,powershell
154,python3.10
155,opera
156,svchost
157,Code
158,svchost
159,IGCC
160,svchost
161,svchost
162,svchost
163,csrss
164,RtkAudUService64
165,RuntimeBroker
166,PrintDialog
167,Code
168,opera
169,HostAppServiceUpdater
170,MoUsoCoreWorker
171,node
172,SearchIndexer
173,python3.10
174,OpenHardwareMonitor
175,ctfmon
176,opera
177,SgrmBroker
178,opera
179,opera
180,backgroundTaskHost
181,RuntimeBroker
182,svchost
183,svchost
184,CodeSetup-stable-5235c6bb189b60b01b1f49062f4ffa42384f8c91.tmp
185,Lightshot
186,dwm
187,svchost
188,cmd
189,opera
190,IGCCTray
191,RuntimeBroker
192,opera
193,AcerRegistrationBackGroundTask
194,PSAgent
195,msedgewebview2
196,RtkAudUService64
197,Code
198,opera
199,QASvc
200,svchost
201,Code
202,PSAdminAgent
203,Code
204,RuntimeBroker
205,opera
206,cmd
207,opera
208,python3.10
209,RuntimeBroker
210,NortonSecurity
211,Code
212,opera
213,opera
214,conhost
215,unsecapp
216,igfxextN
217,node
218,svchost
219,Code
220,opera
221,SearchHost
222,opera
223,opera
224,Code
225,dasHost
226,svchost
227,svchost
228,explorer
229,opera
230,opera
231,svchost
232,opera
233,svchost
234,msedgewebview2
235,ShellExperienceHost
236,opera
237,opera
238,Code
239,Code
240,CodeSetup-stable-5235c6bb189b60b01b1f49062f4ffa42384f8c91
241,fontdrvhost
242,svchost
243,msedgewebview2
244,opera_crashreporter
245,svchost
246,taskhostw
247,sihost
248,opera
249,Cortana
250,Widgets
251,RtkUWP
252,opera
253,Code
254,svchost
255,NVDisplay.Container
256,ACCStd
257,SecurityHealthSystray
258,OneDrive
259,conhost
260,svchost
261,StorPSCTL
262,dllhost
263,opera
